PRVDR_SPCLTY,avg_delay_days,median_delay_days,lines
1,3.9998097280841347,4.0,173436
01,4.1466666666666665,4.0,975
