PRVDR_SPCLTY,allowed_amt,paid_amt,underpayment_amt,processing_delays,realization_rate,denial_rate
1,24582331.78,19126404.53,5455927.25,693711,0.7780549339733954,0.22194506602660458
01,98092.65000000001,74389.06999999999,23703.58,4043,0.758355187672063,0.241644812327937
