PRVDR_SPCLTY,total_lines,zero_paid_rate,partial_paid_rate
1,173436,60.930256694111954,33.425009801886574
01,975,74.87179487179488,20.923076923076923
